<project xmlns="http://maven.apache.org/POM/4.0.0" xmlns:xsi="http://www.w3.org/2001/XMLSchema-instance"
         xsi:schemaLocation="http://maven.apache.org/POM/4.0.0 http://maven.apache.org/xsd/maven-4.0.0.xsd">
  <modelVersion>4.0.0</modelVersion>

  <groupId>localhost</groupId>
  <artifactId>it-set-009</artifactId>
  <version>1.0</version>
  <packaging>pom</packaging>
  <name>set</name>

  <description>Tests operations with a parent pom with an alternative name</description>

  <modules>
    <module>child</module>
  </modules>

  <build>
    <pluginManagement>
      <plugins>
        <plugin>
          <artifactId>maven-antrun-plugin</artifactId>
          <version>1.1</version>
        </plugin>
        <plugin>
          <artifactId>maven-assembly-plugin</artifactId>
          <version>2.2-beta-2</version>
        </plugin>
        <plugin>
          <artifactId>maven-clean-plugin</artifactId>
          <version>2.2</version>
        </plugin>
        <plugin>
          <artifactId>maven-compiler-plugin</artifactId>
          <version>2.0.2</version>
        </plugin>
        <plugin>
          <artifactId>maven-dependency-plugin</artifactId>
          <version>2.0</version>
        </plugin>
        <plugin>
          <artifactId>maven-deploy-plugin</artifactId>
          <version>2.3</version>
        </plugin>
        <plugin>
          <artifactId>maven-ear-plugin</artifactId>
          <version>2.3.1</version>
        </plugin>
        <plugin>
          <artifactId>maven-ejb-plugin</artifactId>
          <version>2.1</version>
        </plugin>
        <plugin>
          <artifactId>maven-install-plugin</artifactId>
          <version>2.2</version>
        </plugin>
        <plugin>
          <artifactId>maven-jar-plugin</artifactId>
          <version>2.2</version>
        </plugin>
        <plugin>
          <artifactId>maven-javadoc-plugin</artifactId>
          <version>2.4</version>
        </plugin>
        <plugin>
          <artifactId>maven-plugin-plugin</artifactId>
          <version>2.4.1</version>
        </plugin>
        <plugin>
          <artifactId>maven-rar-plugin</artifactId>
          <version>2.2</version>
        </plugin>
        <plugin>
          <artifactId>maven-release-plugin</artifactId>
          <version>2.0-beta-7</version>
        </plugin>
        <plugin>
          <artifactId>maven-resources-plugin</artifactId>
          <version>2.2</version>
        </plugin>
        <plugin>
          <artifactId>maven-site-plugin</artifactId>
          <version>2.0</version>
        </plugin>
        <plugin>
          <artifactId>maven-source-plugin</artifactId>
          <version>2.0.4</version>
        </plugin>
        <plugin>
          <artifactId>maven-surefire-plugin</artifactId>
          <version>2.4.2</version>
        </plugin>
        <plugin>
          <artifactId>maven-war-plugin</artifactId>
          <version>2.1-alpha-1</version>
        </plugin>
      </plugins>
    </pluginManagement>
  </build>

</project>
