<ruleset xmlns="http://mojo.codehaus.org/versions-maven-plugin/rule/2.0.0" xmlns:xsi="http://www.w3.org/2001/XMLSchema-instance" xsi:schemaLocation="http://mojo.codehaus.org/versions-maven-plugin/rule/2.0.0 http://mojo.codehaus.org/versions-maven-plugin/xsd/rule-2.0.0.xsd">
  <rules>
    <rule groupId="commons-collections">
      <ignoreVersions>
        <ignoreVersion type="regex">200[34].*</ignoreVersion>
      </ignoreVersions>
    </rule>
    <rule groupId="com.fasterxml.jackson">
      <ignoreVersions>
        <ignoreVersion type="regex">.*[.-](rc|pr)\d+</ignoreVersion>
      </ignoreVersions>
    </rule>
    <rule groupId="com.fasterxml.jackson.core" artifactId="jackson-annotations">
      <ignoreVersions>
        <ignoreVersion type="regex">2\.9\.\d+</ignoreVersion>
        <ignoreVersion type="regex">.*[.-](rc|pr)\d+</ignoreVersion>
      </ignoreVersions>
    </rule>
    <rule groupId="com.fasterxml.jackson.jaxrs">
      <ignoreVersions>
        <ignoreVersion type="regex">.*[.-](rc|pr)\d+</ignoreVersion>
      </ignoreVersions>
    </rule>
    <rule groupId="com.hazelcast">
      <ignoreVersions>
        <ignoreVersion type="regex">.*-RC\d+</ignoreVersion>
        <ignoreVersion type="regex">.*-EA\d*</ignoreVersion>
        <ignoreVersion type="regex">.*-BETA-\d*</ignoreVersion>
      </ignoreVersions>
    </rule>
    <rule groupId="javax.validation">
      <ignoreVersions>
        <ignoreVersion type="regex">.*\.(Alpha|Beta|CR)\d+</ignoreVersion>
      </ignoreVersions>
    </rule>
    <rule groupId="org.camunda.bpm.dmn">
      <ignoreVersions>
        <ignoreVersion type="regex">.*-alpha\d+</ignoreVersion>
      </ignoreVersions>
    </rule>
    <rule groupId="org.codehaus.groovy">
      <ignoreVersions>
        <ignoreVersion type="regex">.*-(alpha|beta|rc)-\d+</ignoreVersion>
      </ignoreVersions>
    </rule>
    <rule groupId="org.hibernate">
      <ignoreVersions>
        <ignoreVersion type="regex">.*\.(Alpha|Beta|CR)\d+</ignoreVersion>
      </ignoreVersions>
    </rule>
    <rule groupId="org.javassist">
      <ignoreVersions>
        <ignoreVersion type="regex">.*-CR\d+</ignoreVersion>
      </ignoreVersions>
    </rule>
    <rule groupId="org.jvnet.jaxb2_commons">
      <ignoreVersions>
        <ignoreVersion>1.11.1</ignoreVersion>
        <ignoreVersion>1.11.1-PUBLISHED-BY-MISTAKE</ignoreVersion>
      </ignoreVersions>
    </rule>
    <rule groupId="org.mariadb.jdbc">
      <ignoreVersions>
        <ignoreVersion type="regex">.*-(beta-|RC)\d*</ignoreVersion>
      </ignoreVersions>
    </rule>
    <rule groupId="org.postgresql">
      <ignoreVersions>
        <ignoreVersion type="regex">.*\.jre[67]</ignoreVersion>
      </ignoreVersions>
    </rule>
    <rule groupId="org.slf4j">
      <ignoreVersions>
        <ignoreVersion type="regex">.*-alpha\d+</ignoreVersion>
        <ignoreVersion type="regex">.*-beta\d+</ignoreVersion>
      </ignoreVersions>
    </rule>
    <rule groupId="log4j">
      <ignoreVersions>
        <ignoreVersion type="regex">.*-atlassian-.*</ignoreVersion>
      </ignoreVersions>
    </rule>
    <rule groupId="org.mockito">
      <ignoreVersions>
        <ignoreVersion type="regex">.*-beta(\.\d+)?</ignoreVersion>
        <ignoreVersion type="regex">.*-RC\.\d+</ignoreVersion>
      </ignoreVersions>
    </rule>
    <rule groupId="org.thymeleaf">
      <ignoreVersions>
        <ignoreVersion type="regex">.*\.(ALPHA|BETA)\d+</ignoreVersion>
      </ignoreVersions>
    </rule>
    <rule groupId="org.powermock">
      <ignoreVersions>
        <ignoreVersion type="regex">.*RC\d+</ignoreVersion>
        <ignoreVersion type="regex">.*-beta\.\d+</ignoreVersion>
      </ignoreVersions>
    </rule>
    <rule groupId="com.sun.xml.bind">
      <ignoreVersions>
        <ignoreVersion type="regex">.*-b\d+\.\d+</ignoreVersion>
      </ignoreVersions>
    </rule>
    <rule groupId="org.glassfish.jaxb">
      <ignoreVersions>
        <ignoreVersion type="regex">.*-b[\d.]+</ignoreVersion>
      </ignoreVersions>
    </rule>
    <rule groupId="junit">
      <ignoreVersions>
        <ignoreVersion type="regex">.*-beta-\d+</ignoreVersion>
        <ignoreVersion type="regex">.*-rc-\d+</ignoreVersion>
      </ignoreVersions>
    </rule>
  </rules>
</ruleset>
